{
	"credit": "Made with Blockbench",
	"texture_size": [64, 64],
	"textures": {
		"0": "freeze:block/floodlight_top",
		"particle": "freeze:block/floodlight_top"
	},
	"elements": [
		{
			"from": [6.99, 0, 6.99],
			"to": [9.01, 14, 9.01],
			"faces": {
				"north": {"uv": [0, 5.5, 0.5, 9], "texture": "#0"},
				"east": {"uv": [0.5, 5.5, 1, 9], "texture": "#0"},
				"south": {"uv": [1, 5.5, 1.5, 9], "texture": "#0"},
				"west": {"uv": [1.5, 5.5, 2, 9], "texture": "#0"},
				"up": {"uv": [6.5, 7, 6, 6.5], "texture": "#0"},
				"down": {"uv": [7, 6.5, 6.5, 7], "texture": "#0"}
			}
		},
		{
			"from": [-6, 3, 4],
			"to": [7, 12, 6],
			"faces": {
				"north": {"uv": [0, 0, 3.25, 2.25], "texture": "#0"},
				"east": {"uv": [6.5, 0, 7, 2.25], "texture": "#0"},
				"south": {"uv": [0, 2.25, 3.25, 4.5], "texture": "#0"},
				"west": {"uv": [2, 6.5, 2.5, 8.75], "texture": "#0"},
				"up": {"uv": [5.25, 6, 2, 5.5], "texture": "#0"},
				"down": {"uv": [8.5, 5.5, 5.25, 6], "texture": "#0"}
			}
		},
		{
			"from": [9, 3, 4],
			"to": [22, 12, 6],
			"faces": {
				"north": {"uv": [3.25, 0, 6.5, 2.25], "texture": "#0"},
				"east": {"uv": [6.5, 2.25, 7, 4.5], "texture": "#0"},
				"south": {"uv": [3.25, 2.25, 6.5, 4.5], "texture": "#0"},
				"west": {"uv": [2.5, 6.5, 3, 8.75], "texture": "#0"},
				"up": {"uv": [5.25, 6.5, 2, 6], "texture": "#0"},
				"down": {"uv": [8.5, 6, 5.25, 6.5], "texture": "#0"}
			}
		},
		{
			"from": [-1, 6, 7],
			"to": [18, 8, 9],
			"faces": {
				"north": {"uv": [0, 4.5, 4.75, 5], "texture": "#0"},
				"east": {"uv": [7, 0, 7.5, 0.5], "texture": "#0"},
				"south": {"uv": [4.75, 4.5, 9.5, 5], "texture": "#0"},
				"west": {"uv": [7, 0.5, 7.5, 1], "texture": "#0"},
				"up": {"uv": [4.75, 5.5, 0, 5], "texture": "#0"},
				"down": {"uv": [9.5, 5, 4.75, 5.5], "texture": "#0"}
			}
		},
		{
			"from": [-1, 6, 6],
			"to": [2, 8, 7],
			"faces": {
				"north": {"uv": [4.5, 6.5, 5.25, 7], "texture": "#0"},
				"east": {"uv": [3, 7, 3.25, 7.5], "texture": "#0"},
				"south": {"uv": [5.25, 6.5, 6, 7], "texture": "#0"},
				"west": {"uv": [7, 3, 7.25, 3.5], "texture": "#0"},
				"up": {"uv": [7.75, 1.75, 7, 1.5], "texture": "#0"},
				"down": {"uv": [7.75, 1.75, 7, 2], "texture": "#0"}
			}
		},
		{
			"from": [15, 6, 6],
			"to": [18, 8, 7],
			"faces": {
				"north": {"uv": [3, 6.5, 3.75, 7], "texture": "#0"},
				"east": {"uv": [7, 2, 7.25, 2.5], "texture": "#0"},
				"south": {"uv": [3.75, 6.5, 4.5, 7], "texture": "#0"},
				"west": {"uv": [7, 2.5, 7.25, 3], "texture": "#0"},
				"up": {"uv": [7.75, 1.25, 7, 1], "texture": "#0"},
				"down": {"uv": [7.75, 1.25, 7, 1.5], "texture": "#0"}
			}
		}
	]
}