{
	"credit": "Made with Blockbench",
	"texture_size": [32, 32],
	"textures": {
		"0": "freeze:block/construction_cone",
		"particle": "freeze:block/construction_cone"
	},
	"elements": [
		{
			"from": [4, 0, 4],
			"to": [12, 1, 12],
			"faces": {
				"north": {"uv": [6, 6.5, 10, 7], "texture": "#0"},
				"east": {"uv": [6, 7, 10, 7.5], "texture": "#0"},
				"south": {"uv": [4, 7.5, 8, 8], "texture": "#0"},
				"west": {"uv": [0, 8, 4, 8.5], "texture": "#0"},
				"up": {"uv": [4, 4, 0, 0], "texture": "#0"},
				"down": {"uv": [4, 4, 0, 8], "texture": "#0"}
			}
		},
		{
			"from": [6, 1, 6],
			"to": [10, 6, 10],
			"faces": {
				"north": {"uv": [4, 0, 6, 2.5], "texture": "#0"},
				"east": {"uv": [4, 2.5, 6, 5], "texture": "#0"},
				"south": {"uv": [4, 5, 6, 7.5], "texture": "#0"},
				"west": {"uv": [6, 0, 8, 2.5], "texture": "#0"},
				"up": {"uv": [8, 4.5, 6, 2.5], "texture": "#0"},
				"down": {"uv": [8, 4.5, 6, 6.5], "texture": "#0"}
			}
		},
		{
			"from": [7, 6, 7],
			"to": [9, 10, 9],
			"faces": {
				"north": {"uv": [8, 0, 9, 2], "texture": "#0"},
				"east": {"uv": [8, 2, 9, 4], "texture": "#0"},
				"south": {"uv": [4, 8, 5, 10], "texture": "#0"},
				"west": {"uv": [8, 4, 9, 6], "texture": "#0"},
				"up": {"uv": [6, 9, 5, 8], "texture": "#0"},
				"down": {"uv": [7, 8, 6, 9], "texture": "#0"}
			}
		}
	]
}