{
	"credit": "Made with Blockbench",
	"texture_size": [64, 64],
	"textures": {
		"0": "freeze:block/construction_cone_large",
		"particle": "freeze:block/construction_cone_large"
	},
	"elements": [
		{
			"from": [2, 0, 2],
			"to": [14, 1, 14],
			"rotation": {"angle": 0, "axis": "y", "origin": [8, 5.75, 8]},
			"faces": {
				"north": {"uv": [6, 1.75, 9, 2], "texture": "#0"},
				"east": {"uv": [6, 1, 9, 1.25], "texture": "#0"},
				"south": {"uv": [6, 1.25, 9, 1.5], "texture": "#0"},
				"west": {"uv": [6, 1.5, 9, 1.75], "texture": "#0"},
				"up": {"uv": [3, 3, 0, 0], "rotation": 90, "texture": "#0"},
				"down": {"uv": [3, 3, 0, 6], "rotation": 270, "texture": "#0"}
			}
		},
		{
			"from": [5, 1, 5],
			"to": [11, 8, 11],
			"rotation": {"angle": 0, "axis": "y", "origin": [8, 5.75, 8]},
			"faces": {
				"north": {"uv": [4.5, 0, 6, 1.75], "texture": "#0"},
				"east": {"uv": [3, 0, 4.5, 1.75], "texture": "#0"},
				"south": {"uv": [3, 1.75, 4.5, 3.5], "texture": "#0"},
				"west": {"uv": [3, 3.5, 4.5, 5.25], "texture": "#0"},
				"up": {"uv": [6, 3.25, 4.5, 1.75], "rotation": 90, "texture": "#0"},
				"down": {"uv": [6, 3.25, 4.5, 4.75], "rotation": 270, "texture": "#0"}
			}
		},
		{
			"from": [6, 8, 6],
			"to": [10, 14, 10],
			"rotation": {"angle": 0, "axis": "y", "origin": [8, 5.75, 8]},
			"faces": {
				"north": {"uv": [0, 6, 1, 7.5], "texture": "#0"},
				"east": {"uv": [4.5, 4.75, 5.5, 6.25], "texture": "#0"},
				"south": {"uv": [3, 5.25, 4, 6.75], "texture": "#0"},
				"west": {"uv": [5.5, 4.75, 6.5, 6.25], "texture": "#0"},
				"up": {"uv": [7, 1, 6, 0], "rotation": 90, "texture": "#0"},
				"down": {"uv": [2, 6, 1, 7], "rotation": 270, "texture": "#0"}
			}
		}
	]
}