{
	"credit": "Made with Blockbench",
	"textures": {
		"0": "freeze:block/oil_side",
		"1": "freeze:block/oil_top",
		"particle": "freeze:block/oil_side"
	},
	"elements": [
		{
			"from": [0, -2, 0],
			"to": [16, 14, 16],
			"faces": {
				"north": {"uv": [0, 0, 8, 8], "texture": "#0"},
				"east": {"uv": [0, 0, 8, 8], "texture": "#0"},
				"south": {"uv": [0, 0, 8, 8], "texture": "#0"},
				"west": {"uv": [0, 0, 8, 8], "texture": "#0"},
				"up": {"uv": [0, 0, 16, 16], "texture": "#1"},
				"down": {"uv": [0, 0, 16, 16], "texture": "#1"}
			}
		}
	]
}