{
	"credit": "Made with Blockbench",
	"texture_size": [64, 64],
	"textures": {
		"0": "freeze:block/floodlight_bottom",
		"particle": "freeze:block/floodlight_bottom"
	},
	"elements": [
		{
			"from": [6.99, -16, 6.99],
			"to": [9.01, 32, 9.01],
			"faces": {
				"north": {"uv": [0, 0, 0.5, 12], "texture": "#0"},
				"east": {"uv": [0.5, 0, 1, 12], "texture": "#0"},
				"south": {"uv": [1, 0, 1.5, 12], "texture": "#0"},
				"west": {"uv": [1.5, 0, 2, 12], "texture": "#0"},
				"up": {"uv": [6.5, 4.5, 6, 4], "texture": "#0"},
				"down": {"uv": [6.5, 4.5, 6, 5], "texture": "#0"}
			}
		},
		{
			"from": [-6, -16, 7],
			"to": [-4, 2, 9],
			"rotation": {"angle": -45, "axis": "z", "origin": [-5, -16, 8]},
			"faces": {
				"north": {"uv": [2, 0, 2.5, 4.5], "texture": "#0"},
				"east": {"uv": [2.5, 0, 3, 4.5], "texture": "#0"},
				"south": {"uv": [3, 0, 3.5, 4.5], "texture": "#0"},
				"west": {"uv": [3.5, 0, 4, 4.5], "texture": "#0"},
				"up": {"uv": [6.5, 5.5, 6, 5], "texture": "#0"},
				"down": {"uv": [6.5, 5.5, 6, 6], "texture": "#0"}
			}
		},
		{
			"from": [-4.5, -7.5, 8],
			"to": [3.5, -5.5, 8],
			"rotation": {"angle": -45, "axis": "z", "origin": [-5, -16, 8]},
			"faces": {
				"north": {"uv": [6, 2, 8, 2.5], "texture": "#0"},
				"east": {"uv": [0, 0, 0, 0.5], "texture": "#0"},
				"south": {"uv": [6, 2.5, 8, 3], "texture": "#0"},
				"west": {"uv": [0, 0, 0, 0.5], "texture": "#0"},
				"up": {"uv": [2, 0, 0, 0], "texture": "#0"},
				"down": {"uv": [2, 0, 0, 0], "texture": "#0"}
			}
		},
		{
			"from": [12.5, -7.5, 8],
			"to": [20.5, -5.5, 8],
			"rotation": {"angle": 45, "axis": "z", "origin": [21, -16, 8]},
			"faces": {
				"north": {"uv": [6, 0, 8, 0.5], "texture": "#0"},
				"east": {"uv": [0, 0, 0, 0.5], "texture": "#0"},
				"south": {"uv": [6, 0.5, 8, 1], "texture": "#0"},
				"west": {"uv": [0, 0, 0, 0.5], "texture": "#0"},
				"up": {"uv": [2, 0, 0, 0], "texture": "#0"},
				"down": {"uv": [2, 0, 0, 0], "texture": "#0"}
			}
		},
		{
			"from": [20, -16, 7],
			"to": [22, 2, 9],
			"rotation": {"angle": 45, "axis": "z", "origin": [21, -16, 8]},
			"faces": {
				"north": {"uv": [5, 0, 5.5, 4.5], "texture": "#0"},
				"east": {"uv": [5, 4.5, 5.5, 9], "texture": "#0"},
				"south": {"uv": [5.5, 0, 6, 4.5], "texture": "#0"},
				"west": {"uv": [5.5, 4.5, 6, 9], "texture": "#0"},
				"up": {"uv": [7, 6, 6.5, 5.5], "texture": "#0"},
				"down": {"uv": [6.5, 6.5, 6, 7], "texture": "#0"}
			}
		},
		{
			"from": [7, -16, 20],
			"to": [9, 2, 22],
			"rotation": {"angle": -45, "axis": "x", "origin": [8, -16, 21]},
			"faces": {
				"north": {"uv": [4, 0, 4.5, 4.5], "texture": "#0"},
				"east": {"uv": [4.5, 0, 5, 4.5], "texture": "#0"},
				"south": {"uv": [2, 4.5, 2.5, 9], "texture": "#0"},
				"west": {"uv": [2.5, 4.5, 3, 9], "texture": "#0"},
				"up": {"uv": [6.5, 6.5, 6, 6], "texture": "#0"},
				"down": {"uv": [7, 4, 6.5, 4.5], "texture": "#0"}
			}
		},
		{
			"from": [8, -7.5, 12.5],
			"to": [8, -5.5, 20.5],
			"rotation": {"angle": -45, "axis": "x", "origin": [8, -16, 21]},
			"faces": {
				"north": {"uv": [0, 0, 0, 0.5], "texture": "#0"},
				"east": {"uv": [6, 1, 8, 1.5], "texture": "#0"},
				"south": {"uv": [0, 0, 0, 0.5], "texture": "#0"},
				"west": {"uv": [6, 1.5, 8, 2], "texture": "#0"},
				"up": {"uv": [0, 2, 0, 0], "texture": "#0"},
				"down": {"uv": [0, 0, 0, 2], "texture": "#0"}
			}
		},
		{
			"from": [7, -16, -6],
			"to": [9, 2, -4],
			"rotation": {"angle": 45, "axis": "x", "origin": [8, -16, -5]},
			"faces": {
				"north": {"uv": [3, 4.5, 3.5, 9], "texture": "#0"},
				"east": {"uv": [3.5, 4.5, 4, 9], "texture": "#0"},
				"south": {"uv": [4, 4.5, 4.5, 9], "texture": "#0"},
				"west": {"uv": [4.5, 4.5, 5, 9], "texture": "#0"},
				"up": {"uv": [7, 5, 6.5, 4.5], "texture": "#0"},
				"down": {"uv": [7, 5, 6.5, 5.5], "texture": "#0"}
			}
		},
		{
			"from": [8, -7.5, -4.5],
			"to": [8, -5.5, 3.5],
			"rotation": {"angle": 45, "axis": "x", "origin": [8, -16, -5]},
			"faces": {
				"north": {"uv": [0, 0, 0, 0.5], "texture": "#0"},
				"east": {"uv": [6, 3, 8, 3.5], "texture": "#0"},
				"south": {"uv": [0, 0, 0, 0.5], "texture": "#0"},
				"west": {"uv": [6, 3.5, 8, 4], "texture": "#0"},
				"up": {"uv": [0, 2, 0, 0], "texture": "#0"},
				"down": {"uv": [0, 0, 0, 2], "texture": "#0"}
			}
		}
	]
}