{
	"parent": "item/handheld",
	"textures": {
		"layer0": "item/carrot_on_a_stick"
	},
	"overrides": [
		{ "predicate": {"custom_model_data": 1}, "model": "freeze:item/powerups/avalanche"},
		{ "predicate": {"custom_model_data": 3}, "model": "freeze:item/powerups/campfire"},
		{ "predicate": {"custom_model_data": 6}, "model": "freeze:item/powerups/siberian_exsnowsion"},
		{ "predicate": {"custom_model_data": 7}, "model": "freeze:item/powerups/glow_point"},
		{ "predicate": {"custom_model_data": 8}, "model": "freeze:item/powerups/fire_rod"},
		{ "predicate": {"custom_model_data": 10}, "model": "freeze:item/powerups/invisibility"},
		{ "predicate": {"custom_model_data": 12}, "model": "freeze:item/powerups/phoenix_ignition"},
		{ "predicate": {"custom_model_data": 14}, "model": "freeze:item/powerups/speed_boost"},
		{ "predicate": {"custom_model_data": 16}, "model": "freeze:item/powerups/whoaball"}
	]
}