{
  "parent": "minecraft:item/generated",
  "textures": {
    "layer0": "minecraft:item/kelp"
  },
	"overrides": [
    { "predicate": {"custom_model_data": 0}, "model": "freeze:item/nothing"},
		{ "predicate": {"custom_model_data": 1}, "model": "freeze:item/powerups/avalanche"},
		{ "predicate": {"custom_model_data": 2}, "model": "freeze:item/powerups/decoy_snowman"},
		{ "predicate": {"custom_model_data": 3}, "model": "freeze:item/powerups/fire_rod"},
		{ "predicate": {"custom_model_data": 4}, "model": "freeze:item/powerups/glacierback"},
		{ "predicate": {"custom_model_data": 5}, "model": "freeze:item/powerups/glow_point"},
		{ "predicate": {"custom_model_data": 6}, "model": "freeze:item/powerups/frostbolt/crossbow_firework"},
		{ "predicate": {"custom_model_data": 7}, "model": "freeze:item/powerups/ice_pick"},
		{ "predicate": {"custom_model_data": 8}, "model": "freeze:item/powerups/icicle"},
		{ "predicate": {"custom_model_data": 9}, "model": "freeze:item/powerups/invisibility"},
		{ "predicate": {"custom_model_data": 10}, "model": "freeze:item/powerups/mystery_box"},
		{ "predicate": {"custom_model_data": 11}, "model": "freeze:item/powerups/phoenix_ignition"},
		{ "predicate": {"custom_model_data": 12}, "model": "freeze:item/powerups/siberian_exsnowsion"},
		{ "predicate": {"custom_model_data": 13}, "model": "freeze:item/powerups/snowy_sniper/bow"},
		{ "predicate": {"custom_model_data": 14}, "model": "freeze:item/powerups/campfire"},
		{ "predicate": {"custom_model_data": 15}, "model": "freeze:item/powerups/speed_boost"},
		{ "predicate": {"custom_model_data": 16}, "model": "freeze:item/powerups/whoaball"}
	]
}