{
  "parent": "minecraft:item/generated",
  "textures": {
    "layer0":"minecraft:item/phantom_membrane"
  },
  "overrides": [
    {"predicate":{"custom_model_data":1},"model":"freeze:item/item_giver/item_giver"},
    {"predicate":{"custom_model_data":2},"model":"freeze:item/item_giver/item_question"},
    {"predicate":{"custom_model_data":3},"model":"freeze:item/item_giver/item_giver_inactive"},
    {"predicate":{"custom_model_data":4},"model":"freeze:item/item_giver/item_num_one"},
    {"predicate":{"custom_model_data":5},"model":"freeze:item/item_giver/item_num_two"},
    {"predicate":{"custom_model_data":6},"model":"freeze:item/item_giver/item_num_three"},
    {"predicate":{"custom_model_data":7},"model":"freeze:item/powerups/glacierback_model_red"},
    {"predicate":{"custom_model_data":8},"model":"freeze:item/powerups/glacierback_model_blue"},
    {"predicate":{"custom_model_data":9},"model":"freeze:block/campfire_red"},
    {"predicate":{"custom_model_data":10},"model":"freeze:block/campfire_blue"},
    {"predicate":{"custom_model_data":11},"model":"freeze:item/nothing"},
    {"predicate":{"custom_model_data":12},"model":"freeze:item/item_giver/mystery_box"},
    {"predicate":{"custom_model_data":13},"model":"freeze:item/menu/arrow_left"},
    {"predicate":{"custom_model_data":14},"model":"freeze:item/menu/arrow_right"},
    {"predicate":{"custom_model_data":15},"model":"freeze:item/menu/menu_gk"},
    {"predicate":{"custom_model_data":16},"model":"freeze:item/menu/menu_ff"},
    {"predicate":{"custom_model_data":17},"model":"freeze:item/menu/menu_bo"},
    {"predicate":{"custom_model_data":18},"model":"freeze:item/menu/menu_fc"},
    {"predicate":{"custom_model_data":19},"model":"freeze:item/menu/map_select_bg"},
    {"predicate":{"custom_model_data":20},"model":"freeze:item/menu/button_start"},
    {"predicate":{"custom_model_data":21},"model":"freeze:item/menu/map_select_title_bg"},
    {"predicate":{"custom_model_data":22},"model":"freeze:item/menu/game_options_bg"},
    {"predicate":{"custom_model_data":23},"model":"freeze:item/menu/button_edit"},
    {"predicate":{"custom_model_data":24},"model":"freeze:item/menu/button_question"},
    {"predicate":{"custom_model_data":25},"model":"freeze:item/menu/button_reset"},
    {"predicate":{"custom_model_data":26},"model":"freeze:item/menu/game_options_title_bg"},
    {"predicate":{"custom_model_data":27},"model":"freeze:item/menu/arrow_up"},
    {"predicate":{"custom_model_data":28},"model":"freeze:item/menu/arrow_down"},
    {"predicate":{"custom_model_data":29},"model":"freeze:item/menu/item_enabled"},
    {"predicate":{"custom_model_data":30},"model":"freeze:item/menu/item_disabled"},
    {"predicate":{"custom_model_data":31},"model":"freeze:item/menu/item_options_bg"},
    {"predicate":{"custom_model_data":32},"model":"freeze:item/menu/button_item_toggle"}
  ]
}
