{
	"credit": "Made with Blockbench",
	"texture_size": [32, 32],
	"textures": {
		"0": "freeze:item/item_giver/item_question",
		"particle": "freeze:item/item_giver/item_question"
	},
	"elements": [
		{
			"from": [3.5, 4, 8],
			"to": [12.5, 18, 8],
			"faces": {
				"north": {"uv": [0, 0, 4.5, 7], "texture": "#0"},
				"east": {"uv": [0, 0, 0, 7], "texture": "#0"},
				"south": {"uv": [0, 0, 4.5, 7], "texture": "#0"},
				"west": {"uv": [0, 0, 0, 7], "texture": "#0"},
				"up": {"uv": [5, 0, 0, 0], "texture": "#0"},
				"down": {"uv": [5, 0, 0, 0], "texture": "#0"}
			}
		}
	]
}