{
  "variants": {
    "type=bottom,waterlogged=false": {
      "model": "freeze:block/zigzag_slab_bottom"
    },
    "type=double,waterlogged=false": {
      "model": "minecraft:block/purpur_block"
    },
    "type=top,waterlogged=false": {
      "model": "freeze:block/zigzag_slab_top"
    },
    "type=bottom,waterlogged=true": {
      "model": "minecraft:block/purpur_slab"
    },
    "type=double,waterlogged=true": {
      "model": "freeze:block/powder_snow_red"
    },
    "type=top,waterlogged=true": {
      "model": "minecraft:block/purpur_slab_top"
    }
  }
}