{
	"credit": "Made with Blockbench",
	"parent": "block/block",
	"textures": {
		"3": "freeze:block/campfire_fire_red",
		"4": "freeze:block/campfire_log",
		"5": "freeze:block/campfire_log_red",
		"particle": "block/campfire_log"
	},
	"elements": [
		{
			"from": [1, 0, 0],
			"to": [5, 4, 16],
			"faces": {
				"north": {"uv": [0, 4, 4, 8], "texture": "#4", "cullface": "north"},
				"east": {"uv": [0, 1, 16, 5], "texture": "#4"},
				"south": {"uv": [0, 4, 4, 8], "texture": "#4", "cullface": "south"},
				"west": {"uv": [16, 0, 0, 4], "texture": "#4"},
				"up": {"uv": [0, 0, 16, 4], "rotation": 90, "texture": "#4"},
				"down": {"uv": [0, 0, 16, 4], "rotation": 90, "texture": "#4", "cullface": "down"}
			}
		},
		{
			"from": [0, 3, 11],
			"to": [16, 7, 15],
			"faces": {
				"north": {"uv": [16, 0, 0, 4], "texture": "#4"},
				"east": {"uv": [0, 4, 4, 8], "texture": "#4", "cullface": "east"},
				"south": {"uv": [0, 0, 16, 4], "texture": "#4"},
				"west": {"uv": [0, 4, 4, 8], "texture": "#4", "cullface": "west"},
				"up": {"uv": [0, 0, 16, 4], "rotation": 180, "texture": "#4"},
				"down": {"uv": [0, 0, 16, 4], "texture": "#4"}
			}
		},
		{
			"from": [11, 0, 0],
			"to": [15, 4, 16],
			"faces": {
				"north": {"uv": [0, 4, 4, 8], "texture": "#4", "cullface": "north"},
				"east": {"uv": [0, 0, 16, 4], "texture": "#4"},
				"south": {"uv": [0, 4, 4, 8], "texture": "#4", "cullface": "south"},
				"west": {"uv": [16, 1, 0, 5], "texture": "#4"},
				"up": {"uv": [0, 0, 16, 4], "rotation": 90, "texture": "#4"},
				"down": {"uv": [0, 0, 16, 4], "rotation": 90, "texture": "#4", "cullface": "down"}
			}
		},
		{
			"from": [0, 3, 1],
			"to": [16, 7, 5],
			"faces": {
				"north": {"uv": [0, 0, 16, 4], "texture": "#4"},
				"east": {"uv": [0, 4, 4, 8], "texture": "#4", "cullface": "east"},
				"south": {"uv": [16, 0, 0, 4], "texture": "#4"},
				"west": {"uv": [0, 4, 4, 8], "texture": "#4", "cullface": "west"},
				"up": {"uv": [0, 0, 16, 4], "rotation": 180, "texture": "#4"},
				"down": {"uv": [0, 0, 16, 4], "texture": "#4"}
			}
		},
		{
			"from": [5, 0, 0],
			"to": [11, 1, 16],
			"faces": {
				"north": {"uv": [0, 15, 6, 16], "texture": "#5", "cullface": "north"},
				"south": {"uv": [10, 15, 16, 16], "texture": "#5", "cullface": "south"},
				"up": {"uv": [0, 8, 16, 14], "rotation": 90, "texture": "#5"},
				"down": {"uv": [0, 8, 16, 14], "rotation": 90, "texture": "#4", "cullface": "down"}
			}
		},
		{
			"from": [0.8, 1, 8],
			"to": [15.2, 17, 8],
			"shade": false,
			"rotation": {"angle": 45, "axis": "y", "origin": [8, 8, 8], "rescale": true},
			"faces": {
				"north": {"uv": [0, 0, 16, 16], "texture": "#3"},
				"south": {"uv": [0, 0, 16, 16], "texture": "#3"}
			}
		},
		{
			"from": [8, 1, 0.8],
			"to": [8, 17, 15.2],
			"shade": false,
			"rotation": {"angle": 45, "axis": "y", "origin": [8, 8, 8], "rescale": true},
			"faces": {
				"east": {"uv": [0, 0, 16, 16], "texture": "#3"},
				"west": {"uv": [0, 0, 16, 16], "texture": "#3"}
			}
		}
	],
	"display": {
		"head": {
			"translation": [0, 10.5, 0]
		}
	}
}