{
	"credit": "Made with Blockbench",
	"texture_size": [32, 32],
	"textures": {
		"0": "freeze:block/construction_horse",
		"particle": "freeze:block/construction_horse"
	},
	"elements": [
		{
			"from": [2.5, 0.001, 3],
			"to": [3.5, 14.001, 5],
			"rotation": {"angle": -22.5, "axis": "z", "origin": [2.5, 0.001, 0]},
			"faces": {
				"north": {"uv": [8, 0, 8.5, 7], "texture": "#0"},
				"east": {"uv": [0, 3, 1, 10], "texture": "#0"},
				"south": {"uv": [8, 7, 8.5, 14], "texture": "#0"},
				"west": {"uv": [1, 3, 2, 10], "texture": "#0"},
				"up": {"uv": [4.5, 11, 4, 10], "texture": "#0"},
				"down": {"uv": [5, 10, 4.5, 11], "texture": "#0"}
			}
		},
		{
			"from": [2.5, 0.001, 11],
			"to": [3.5, 14.001, 13],
			"rotation": {"angle": -22.5, "axis": "z", "origin": [2.5, 0.001, 0]},
			"faces": {
				"north": {"uv": [8.5, 0, 9, 7], "texture": "#0"},
				"east": {"uv": [2, 3, 3, 10], "texture": "#0"},
				"south": {"uv": [8.5, 7, 9, 14], "texture": "#0"},
				"west": {"uv": [3, 3, 4, 10], "texture": "#0"},
				"up": {"uv": [10.5, 5.5, 10, 4.5], "texture": "#0"},
				"down": {"uv": [5.5, 10, 5, 11], "texture": "#0"}
			}
		},
		{
			"from": [2.5, 5.001, 5],
			"to": [2.5, 7.001, 11],
			"rotation": {"angle": -22.5, "axis": "z", "origin": [2.5, 0.001, 0]},
			"faces": {
				"north": {"uv": [0, 0, 0, 1], "texture": "#0"},
				"east": {"uv": [10, 1, 13, 2], "texture": "#0"},
				"south": {"uv": [0, 0, 0, 1], "texture": "#0"},
				"west": {"uv": [0, 10, 3, 11], "texture": "#0"},
				"up": {"uv": [0, 3, 0, 0], "texture": "#0"},
				"down": {"uv": [0, 0, 0, 3], "texture": "#0"}
			}
		},
		{
			"from": [2.475, 9.001, 2],
			"to": [2.475, 12.001, 14],
			"rotation": {"angle": -22.5, "axis": "z", "origin": [2.5, 0.001, 0]},
			"faces": {
				"north": {"uv": [0, 0, 0, 1], "texture": "#0"},
				"east": {"uv": [0, 12.5, 6, 14], "texture": "#0"},
				"south": {"uv": [0, 0, 0, 1], "texture": "#0"},
				"west": {"uv": [0, 11, 6, 12.5], "texture": "#0"},
				"up": {"uv": [0, 3, 0, 0], "texture": "#0"},
				"down": {"uv": [0, 0, 0, 3], "texture": "#0"}
			}
		},
		{
			"from": [12.5, 0.001, 11],
			"to": [13.5, 14.001, 13],
			"rotation": {"angle": 22.5, "axis": "z", "origin": [13.5, 0.001, 0]},
			"faces": {
				"north": {"uv": [9, 0, 9.5, 7], "texture": "#0"},
				"east": {"uv": [4, 3, 5, 10], "texture": "#0"},
				"south": {"uv": [9, 7, 9.5, 14], "texture": "#0"},
				"west": {"uv": [5, 3, 6, 10], "texture": "#0"},
				"up": {"uv": [6, 11, 5.5, 10], "texture": "#0"},
				"down": {"uv": [10.5, 5.5, 10, 6.5], "texture": "#0"}
			}
		},
		{
			"from": [13.5, 5.001, 5],
			"to": [13.5, 7.001, 11],
			"rotation": {"angle": 22.5, "axis": "z", "origin": [13.5, 0.001, 0]},
			"faces": {
				"north": {"uv": [0, 0, 0, 1], "texture": "#0"},
				"east": {"uv": [0, 10, 3, 11], "texture": "#0"},
				"south": {"uv": [0, 0, 0, 1], "texture": "#0"},
				"west": {"uv": [10, 0, 13, 1], "texture": "#0"},
				"up": {"uv": [0, 3, 0, 0], "texture": "#0"},
				"down": {"uv": [0, 0, 0, 3], "texture": "#0"}
			}
		},
		{
			"from": [13.625, 9.001, 2],
			"to": [13.625, 12.001, 14],
			"rotation": {"angle": 22.5, "axis": "z", "origin": [13.5, 0.001, 0]},
			"faces": {
				"north": {"uv": [0, 0, 0, 1], "texture": "#0"},
				"east": {"uv": [0, 11, 6, 12.5], "texture": "#0"},
				"south": {"uv": [0, 0, 0, 1], "texture": "#0"},
				"west": {"uv": [0, 12.5, 6, 14], "texture": "#0"},
				"up": {"uv": [0, 3, 0, 0], "texture": "#0"},
				"down": {"uv": [0, 0, 0, 3], "texture": "#0"}
			}
		},
		{
			"from": [12.5, 0.001, 3],
			"to": [13.5, 14.001, 5],
			"rotation": {"angle": 22.5, "axis": "z", "origin": [13.5, 0.001, 0]},
			"faces": {
				"north": {"uv": [9.5, 0, 10, 7], "texture": "#0"},
				"east": {"uv": [6, 0, 7, 7], "texture": "#0"},
				"south": {"uv": [9.5, 7, 10, 14], "texture": "#0"},
				"west": {"uv": [7, 0, 8, 7], "texture": "#0"},
				"up": {"uv": [10.5, 7.5, 10, 6.5], "texture": "#0"},
				"down": {"uv": [10.5, 7.5, 10, 8.5], "texture": "#0"}
			}
		},
		{
			"from": [7, 12, 2.5],
			"to": [9, 13, 13.5],
			"faces": {
				"north": {"uv": [3, 10, 4, 10.5], "texture": "#0"},
				"east": {"uv": [0, 0, 6, 0.5], "texture": "#0"},
				"south": {"uv": [10, 3, 11, 3.5], "texture": "#0"},
				"west": {"uv": [0, 1.5, 6, 2], "texture": "#0"},
				"up": {"uv": [7, 13, 6, 7], "texture": "#0"},
				"down": {"uv": [8, 7, 7, 13], "texture": "#0"}
			}
		},
		{
			"from": [8, 13, 10],
			"to": [8, 17, 13],
			"faces": {
				"north": {"uv": [0, 0, 0, 2], "texture": "#0"},
				"east": {"uv": [10, 8.5, 11.5, 10.5], "texture": "#0"},
				"south": {"uv": [0, 0, 0, 2], "texture": "#0"},
				"west": {"uv": [10.5, 3.5, 12, 5.5], "texture": "#0"},
				"up": {"uv": [0, 1.5, 0, 0], "texture": "#0"},
				"down": {"uv": [0, 0, 0, 1.5], "texture": "#0"}
			}
		}
	]
}