{
	"credit": "Made with Blockbench",
	"texture_size": [64, 64],
	"textures": {
		"0": "freeze:item/powerups/glacierback_model_blue",
		"particle": "freeze:item/powerups/glacierback_model_blue"
	},
	"elements": [
		{
			"from": [3, 0, 2],
			"to": [13, 5, 9],
			"faces": {
				"north": {"uv": [1.75, 1.75, 4.25, 3], "texture": "#0"},
				"east": {"uv": [0, 1.75, 1.75, 3], "texture": "#0"},
				"south": {"uv": [6, 1.75, 8.5, 3], "texture": "#0"},
				"west": {"uv": [4.25, 1.75, 6, 3], "texture": "#0"},
				"up": {"uv": [4.25, 1.75, 1.75, 0], "texture": "#0"},
				"down": {"uv": [6.75, 0, 4.25, 1.75], "texture": "#0"}
			}
		},
		{
			"from": [8, 5, 2],
			"to": [8, 9, 9],
			"faces": {
				"north": {"uv": [8.25, 4, 8.25, 5], "texture": "#0"},
				"east": {"uv": [6.5, 4, 8.25, 5], "texture": "#0"},
				"south": {"uv": [10, 4, 10, 5], "texture": "#0"},
				"west": {"uv": [8.25, 4, 10, 5], "texture": "#0"},
				"up": {"uv": [8.25, 4, 8.25, 2.25], "texture": "#0"},
				"down": {"uv": [8.25, 2.25, 8.25, 4], "texture": "#0"}
			}
		},
		{
			"from": [5, 5, 2],
			"to": [5, 9, 9],
			"faces": {
				"north": {"uv": [6, 5.25, 6, 6.25], "texture": "#0"},
				"east": {"uv": [4.25, 5.25, 6, 6.25], "texture": "#0"},
				"south": {"uv": [7.75, 5.25, 7.75, 6.25], "texture": "#0"},
				"west": {"uv": [6, 5.25, 7.75, 6.25], "texture": "#0"},
				"up": {"uv": [6, 5.25, 6, 3.5], "texture": "#0"},
				"down": {"uv": [6, 3.5, 6, 5.25], "texture": "#0"}
			}
		},
		{
			"from": [11, 5, 2],
			"to": [11, 9, 9],
			"faces": {
				"north": {"uv": [1.75, 7.5, 1.75, 8.5], "texture": "#0"},
				"east": {"uv": [0, 7.5, 1.75, 8.5], "texture": "#0"},
				"south": {"uv": [3.5, 7.5, 3.5, 8.5], "texture": "#0"},
				"west": {"uv": [1.75, 7.5, 3.5, 8.5], "texture": "#0"},
				"up": {"uv": [1.75, 7.5, 1.75, 5.75], "texture": "#0"},
				"down": {"uv": [1.75, 5.75, 1.75, 7.5], "texture": "#0"}
			}
		},
		{
			"from": [6, 7, 7],
			"to": [6, 11, 14],
			"rotation": {"angle": 22.5, "axis": "x", "origin": [0, 0, 0]},
			"faces": {
				"north": {"uv": [7.25, 7.25, 7.25, 8.25], "texture": "#0"},
				"east": {"uv": [5.5, 7.25, 7.25, 8.25], "texture": "#0"},
				"south": {"uv": [9, 7.25, 9, 8.25], "texture": "#0"},
				"west": {"uv": [7.25, 7.25, 9, 8.25], "texture": "#0"},
				"up": {"uv": [7.25, 7.25, 7.25, 5.5], "texture": "#0"},
				"down": {"uv": [7.25, 5.5, 7.25, 7.25], "texture": "#0"}
			}
		},
		{
			"from": [10, 7, 7],
			"to": [10, 11, 14],
			"rotation": {"angle": 22.5, "axis": "x", "origin": [0, 0, 0]},
			"faces": {
				"north": {"uv": [7.25, 6.25, 7.25, 7.25], "texture": "#0"},
				"east": {"uv": [5.5, 6.25, 7.25, 7.25], "texture": "#0"},
				"south": {"uv": [9, 6.25, 9, 7.25], "texture": "#0"},
				"west": {"uv": [7.25, 6.25, 9, 7.25], "texture": "#0"},
				"up": {"uv": [7.25, 6.25, 7.25, 4.5], "texture": "#0"},
				"down": {"uv": [7.25, 4.5, 7.25, 6.25], "texture": "#0"}
			}
		},
		{
			"from": [8, 7, 7],
			"to": [8, 11, 14],
			"rotation": {"angle": 22.5, "axis": "x", "origin": [0, 0, 0]},
			"faces": {
				"north": {"uv": [7, 3, 7, 4], "texture": "#0"},
				"east": {"uv": [5.25, 3, 7, 4], "texture": "#0"},
				"south": {"uv": [8.75, 3, 8.75, 4], "texture": "#0"},
				"west": {"uv": [7, 3, 8.75, 4], "texture": "#0"},
				"up": {"uv": [7, 3, 7, 1.25], "texture": "#0"},
				"down": {"uv": [7, 1.25, 7, 3], "texture": "#0"}
			}
		},
		{
			"from": [4, 0, 9],
			"to": [12, 4, 14],
			"faces": {
				"north": {"uv": [1.25, 4.25, 3.25, 5.25], "texture": "#0"},
				"east": {"uv": [0, 4.25, 1.25, 5.25], "texture": "#0"},
				"south": {"uv": [4.5, 4.25, 6.5, 5.25], "texture": "#0"},
				"west": {"uv": [3.25, 4.25, 4.5, 5.25], "texture": "#0"},
				"up": {"uv": [3.25, 4.25, 1.25, 3], "texture": "#0"},
				"down": {"uv": [5.25, 3, 3.25, 4.25], "texture": "#0"}
			}
		},
		{
			"from": [5, 0, 14],
			"to": [11, 3, 17],
			"faces": {
				"north": {"uv": [7.5, 0.75, 9, 1.5], "texture": "#0"},
				"east": {"uv": [6.75, 0.75, 7.5, 1.5], "texture": "#0"},
				"south": {"uv": [9.75, 0.75, 11.25, 1.5], "texture": "#0"},
				"west": {"uv": [9, 0.75, 9.75, 1.5], "texture": "#0"},
				"up": {"uv": [9, 0.75, 7.5, 0], "texture": "#0"},
				"down": {"uv": [10.5, 0, 9, 0.75], "texture": "#0"}
			}
		},
		{
			"from": [4, 0, -7],
			"to": [9, 4, -2],
			"rotation": {"angle": -45, "axis": "y", "origin": [0, 0, 0]},
			"faces": {
				"north": {"uv": [1.25, 6.5, 2.5, 7.5], "texture": "#0"},
				"east": {"uv": [0, 6.5, 1.25, 7.5], "texture": "#0"},
				"south": {"uv": [3.75, 6.5, 5, 7.5], "texture": "#0"},
				"west": {"uv": [2.5, 6.5, 3.75, 7.5], "texture": "#0"},
				"up": {"uv": [2.5, 6.5, 1.25, 5.25], "texture": "#0"},
				"down": {"uv": [3.75, 5.25, 2.5, 6.5], "texture": "#0"}
			}
		},
		{
			"from": [-4, 0, 3],
			"to": [2, 2, 6],
			"rotation": {"angle": 22.5, "axis": "y", "origin": [0, 0, 0]},
			"faces": {
				"north": {"uv": [9.25, 2.25, 10.75, 2.75], "texture": "#0"},
				"east": {"uv": [8.5, 2.25, 9.25, 2.75], "texture": "#0"},
				"south": {"uv": [11.5, 2.25, 13, 2.75], "texture": "#0"},
				"west": {"uv": [10.75, 2.25, 11.5, 2.75], "texture": "#0"},
				"up": {"uv": [10.75, 2.25, 9.25, 1.5], "texture": "#0"},
				"down": {"uv": [12.25, 1.5, 10.75, 2.25], "texture": "#0"}
			}
		},
		{
			"from": [-5, 0, 12],
			"to": [1, 2, 15],
			"rotation": {"angle": 22.5, "axis": "y", "origin": [0, 0, 0]},
			"faces": {
				"north": {"uv": [8.5, 5.75, 10, 6.25], "texture": "#0"},
				"east": {"uv": [7.75, 5.75, 8.5, 6.25], "texture": "#0"},
				"south": {"uv": [10.75, 5.75, 12.25, 6.25], "texture": "#0"},
				"west": {"uv": [10, 5.75, 10.75, 6.25], "texture": "#0"},
				"up": {"uv": [10, 5.75, 8.5, 5], "texture": "#0"},
				"down": {"uv": [11.5, 5, 10, 5.75], "texture": "#0"}
			}
		},
		{
			"from": [13, 0, -3],
			"to": [19, 2, 0],
			"rotation": {"angle": -22.5, "axis": "y", "origin": [0, 0, 0]},
			"faces": {
				"north": {"uv": [8, 9, 9.5, 9.5], "texture": "#0"},
				"east": {"uv": [7.25, 9, 8, 9.5], "texture": "#0"},
				"south": {"uv": [10.25, 9, 11.75, 9.5], "texture": "#0"},
				"west": {"uv": [9.5, 9, 10.25, 9.5], "texture": "#0"},
				"up": {"uv": [9.5, 9, 8, 8.25], "texture": "#0"},
				"down": {"uv": [11, 8.25, 9.5, 9], "texture": "#0"}
			}
		},
		{
			"from": [14, 0, 6],
			"to": [20, 2, 9],
			"rotation": {"angle": -22.5, "axis": "y", "origin": [0, 0, 0]},
			"faces": {
				"north": {"uv": [3.5, 9, 5, 9.5], "texture": "#0"},
				"east": {"uv": [2.75, 9, 3.5, 9.5], "texture": "#0"},
				"south": {"uv": [5.75, 9, 7.25, 9.5], "texture": "#0"},
				"west": {"uv": [5, 9, 5.75, 9.5], "texture": "#0"},
				"up": {"uv": [5, 9, 3.5, 8.25], "texture": "#0"},
				"down": {"uv": [6.5, 8.25, 5, 9], "texture": "#0"}
			}
		}
	],
	"display": {
		"thirdperson_righthand": {
			"translation": [0, 2.25, 0.75],
			"scale": [0.3, 0.3, 0.3]
		},
		"thirdperson_lefthand": {
			"translation": [0, 2.25, 0.75],
			"scale": [0.3, 0.3, 0.3]
		},
		"firstperson_righthand": {
			"rotation": [0, 55.25, 0],
			"translation": [0, 5.5, 0],
			"scale": [0.5, 0.5, 0.5]
		},
		"firstperson_lefthand": {
			"rotation": [0, 55.25, 0],
			"translation": [0, 5.5, 0],
			"scale": [0.5, 0.5, 0.5]
		},
		"ground": {
			"translation": [0, 5.25, 0],
			"scale": [0.5, 0.5, 0.5]
		},
		"gui": {
			"rotation": [7, 99, 0],
			"translation": [0.25, 2.75, 0],
			"scale": [0.7, 0.7, 0.7]
		},
		"head": {
			"translation": [0, 14.25, 0]
		},
		"fixed": {
			"rotation": [90, 0, 180],
			"translation": [0, 0, -6.25],
			"scale": [0.9, 0.9, 0.9]
		}
	}
}